{
  "bleu": 0.006927407747861357,
  "rouge1": 0.11518847744562517,
  "rouge2": 0.009512808032984661,
  "rougeL": 0.09072259782659134,
  "num_samples": 100
}